[
{
  "model": "cursos.ies",
  "fields": {
    "codigo": 1166,
    "sigla": "IFPB",
    "nome": "INSTITUTO FEDERAL DE EDUCA\u00c7\u00c3O, CI\u00caNCIA E TECNOLOGIA  DA PARA\u00cdBA",
    "uf": "PB"
  },
  "pk": 1
},
{
  "model": "processoseletivo.curso",
  "fields": {
    "codigo": 49960,
    "turno": 1,
    "nome": "DESIGN DE INTERIORES",
    "formacao": 1,
    "campus": 1
  },
  "pk": 1
},
{
  "model": "processoseletivo.curso",
  "fields": {
    "codigo": 1262856,
    "turno": 2,
    "nome": "ENGENHARIA CIVIL",
    "formacao": 2,
    "campus": 2
  },
  "pk": 2
},
{
  "model": "processoseletivo.curso",
  "fields": {
    "codigo": 123237,
    "turno": 2,
    "nome": "MEDICINA VETERIN\u00c1RIA",
    "formacao": 2,
    "campus": 3
  },
  "pk": 3
},
{
  "model": "processoseletivo.curso",
  "fields": {
    "codigo": 123118,
    "turno": 2,
    "nome": "AGROECOLOGIA",
    "formacao": 1,
    "campus": 4
  },
  "pk": 4
},
{
  "model": "processoseletivo.curso",
  "fields": {
    "codigo": 1149442,
    "turno": 3,
    "nome": "CONSTRU\u00c7\u00c3O DE EDIF\u00cdCIOS",
    "formacao": 1,
    "campus": 1
  },
  "pk": 5
},
{
  "model": "processoseletivo.curso",
  "fields": {
    "codigo": 11280396,
    "turno": 3,
    "nome": "MATEM\u00c1TICA",
    "formacao": 3,
    "campus": 2
  },
  "pk": 6
},
{
  "model": "processoseletivo.curso",
  "fields": {
    "codigo": 610764,
    "turno": 1,
    "nome": "GEOPROCESSAMENTO",
    "formacao": 1,
    "campus": 1
  },
  "pk": 7
},
{
  "model": "processoseletivo.curso",
  "fields": {
    "codigo": 11278030,
    "turno": 3,
    "nome": "MATEM\u00c1TICA",
    "formacao": 3,
    "campus": 5
  },
  "pk": 8
},
{
  "model": "processoseletivo.curso",
  "fields": {
    "codigo": 1243116,
    "turno": 3,
    "nome": "SEGURAN\u00c7A NO TRABALHO",
    "formacao": 1,
    "campus": 6
  },
  "pk": 9
},
{
  "model": "processoseletivo.curso",
  "fields": {
    "codigo": 1232363,
    "turno": 3,
    "nome": "QU\u00cdMICA",
    "formacao": 3,
    "campus": 7
  },
  "pk": 10
},
{
  "model": "processoseletivo.curso",
  "fields": {
    "codigo": 1010260,
    "turno": 3,
    "nome": "ADMINISTRA\u00c7\u00c3O",
    "formacao": 2,
    "campus": 1
  },
  "pk": 11
},
{
  "model": "processoseletivo.curso",
  "fields": {
    "codigo": 955101,
    "turno": 3,
    "nome": "NEG\u00d3CIOS IMOBILI\u00c1RIOS",
    "formacao": 1,
    "campus": 1
  },
  "pk": 12
},
{
  "model": "processoseletivo.curso",
  "fields": {
    "codigo": 1032481,
    "turno": 2,
    "nome": "ENGENHARIA EL\u00c9TRICA",
    "formacao": 2,
    "campus": 1
  },
  "pk": 13
},
{
  "model": "processoseletivo.curso",
  "fields": {
    "codigo": 11889396,
    "turno": 2,
    "nome": "EDUCA\u00c7\u00c3O F\u00cdSICA",
    "formacao": 3,
    "campus": 3
  },
  "pk": 14
},
{
  "model": "processoseletivo.curso",
  "fields": {
    "codigo": 1243002,
    "turno": 1,
    "nome": "GEST\u00c3O AMBIENTAL",
    "formacao": 1,
    "campus": 1
  },
  "pk": 15
},
{
  "model": "processoseletivo.curso",
  "fields": {
    "codigo": 1238235,
    "turno": 2,
    "nome": "ALIMENTOS",
    "formacao": 1,
    "campus": 3
  },
  "pk": 16
},
{
  "model": "processoseletivo.curso",
  "fields": {
    "codigo": 19032499,
    "turno": 2,
    "nome": "AGROECOLOGIA",
    "formacao": 1,
    "campus": 3
  },
  "pk": 17
},
{
  "model": "processoseletivo.curso",
  "fields": {
    "codigo": 950963,
    "turno": 2,
    "nome": "AUTOMA\u00c7\u00c3O INDUSTRIAL",
    "formacao": 1,
    "campus": 2
  },
  "pk": 18
},
{
  "model": "processoseletivo.curso",
  "fields": {
    "codigo": 578391,
    "turno": 1,
    "nome": "REDES DE COMPUTADORES",
    "formacao": 1,
    "campus": 1
  },
  "pk": 19
},
{
  "model": "processoseletivo.curso",
  "fields": {
    "codigo": 13188374,
    "turno": 3,
    "nome": "F\u00cdSICA",
    "formacao": 3,
    "campus": 5
  },
  "pk": 20
},
{
  "model": "processoseletivo.curso",
  "fields": {
    "codigo": 1238105,
    "turno": 2,
    "nome": "DESIGN GR\u00c1FICO",
    "formacao": 1,
    "campus": 8
  },
  "pk": 21
},
{
  "model": "processoseletivo.curso",
  "fields": {
    "codigo": 1134942,
    "turno": 3,
    "nome": "SISTEMAS DE TELECOMUNICA\u00c7\u00d5ES",
    "formacao": 1,
    "campus": 1
  },
  "pk": 22
},
{
  "model": "processoseletivo.curso",
  "fields": {
    "codigo": 1293114,
    "turno": 3,
    "nome": "CONSTRU\u00c7\u00c3O DE EDIF\u00cdCIOS",
    "formacao": 1,
    "campus": 9
  },
  "pk": 23
},
{
  "model": "processoseletivo.curso",
  "fields": {
    "codigo": 816312,
    "turno": 4,
    "nome": "QU\u00cdMICA",
    "formacao": 3,
    "campus": 1
  },
  "pk": 24
},
{
  "model": "processoseletivo.curso",
  "fields": {
    "codigo": 925104,
    "turno": 2,
    "nome": "AN\u00c1LISE E DESENVOLVIMENTO DE SISTEMAS",
    "formacao": 1,
    "campus": 2
  },
  "pk": 25
},
{
  "model": "processoseletivo.curso",
  "fields": {
    "codigo": 19127900,
    "turno": 2,
    "nome": "CONSTRU\u00c7\u00c3O DE EDIF\u00cdCIOS",
    "formacao": 1,
    "campus": 5
  },
  "pk": 26
},
{
  "model": "processoseletivo.curso",
  "fields": {
    "codigo": 1034846,
    "turno": 2,
    "nome": "TELEM\u00c1TICA",
    "formacao": 1,
    "campus": 5
  },
  "pk": 27
},
{
  "model": "processoseletivo.curso",
  "fields": {
    "codigo": 1232120,
    "turno": 2,
    "nome": "GEST\u00c3O AMBIENTAL",
    "formacao": 1,
    "campus": 10
  },
  "pk": 28
},
{
  "model": "processoseletivo.curso",
  "fields": {
    "codigo": 719127,
    "turno": 4,
    "nome": "SISTEMAS PARA INTERNET",
    "formacao": 1,
    "campus": 1
  },
  "pk": 29
},
{
  "model": "processoseletivo.curso",
  "fields": {
    "codigo": 11067926,
    "turno": 3,
    "nome": "GEST\u00c3O COMERCIAL",
    "formacao": 1,
    "campus": 11
  },
  "pk": 30
},
{
  "model": "processoseletivo.curso",
  "fields": {
    "codigo": 11660614,
    "turno": 3,
    "nome": "AN\u00c1LISE E DESENVOLVIMENTO DE SISTEMAS",
    "formacao": 1,
    "campus": 9
  },
  "pk": 31
},
{
  "model": "processoseletivo.curso",
  "fields": {
    "codigo": 950089,
    "turno": 1,
    "nome": "AUTOMA\u00c7\u00c3O INDUSTRIAL",
    "formacao": 1,
    "campus": 1
  },
  "pk": 32
},
{
  "model": "processoseletivo.curso",
  "fields": {
    "codigo": 1002600,
    "turno": 2,
    "nome": "ADMINISTRA\u00c7\u00c3O",
    "formacao": 2,
    "campus": 1
  },
  "pk": 33
},
{
  "model": "processoseletivo.campus",
  "fields": {
    "ies": 1,
    "nome": "CAMPUS JO\u00c3O PESSOA",
    "sigla": null
  },
  "pk": 1
},
{
  "model": "processoseletivo.campus",
  "fields": {
    "ies": 1,
    "nome": "CAMPUS CAJAZEIRAS",
    "sigla": null
  },
  "pk": 2
},
{
  "model": "processoseletivo.campus",
  "fields": {
    "ies": 1,
    "nome": "CAMPUS SOUSA - UNIDADE S\u00c3O GON\u00c7ALO",
    "sigla": null
  },
  "pk": 3
},
{
  "model": "processoseletivo.campus",
  "fields": {
    "ies": 1,
    "nome": "CAMPUS PICU\u00cd",
    "sigla": null
  },
  "pk": 4
},
{
  "model": "processoseletivo.campus",
  "fields": {
    "ies": 1,
    "nome": "CAMPUS CAMPINA GRANDE",
    "sigla": null
  },
  "pk": 5
},
{
  "model": "processoseletivo.campus",
  "fields": {
    "ies": 1,
    "nome": "CAMPUS PATOS",
    "sigla": null
  },
  "pk": 6
},
{
  "model": "processoseletivo.campus",
  "fields": {
    "ies": 1,
    "nome": "CAMPUS SOUSA - UNIDADE SEDE",
    "sigla": null
  },
  "pk": 7
},
{
  "model": "processoseletivo.campus",
  "fields": {
    "ies": 1,
    "nome": "CAMPUS CABEDELO",
    "sigla": null
  },
  "pk": 8
},
{
  "model": "processoseletivo.campus",
  "fields": {
    "ies": 1,
    "nome": "CAMPUS MONTEIRO",
    "sigla": null
  },
  "pk": 9
},
{
  "model": "processoseletivo.campus",
  "fields": {
    "ies": 1,
    "nome": "CAMPUS PRINCESA ISABEL",
    "sigla": null
  },
  "pk": 10
},
{
  "model": "processoseletivo.campus",
  "fields": {
    "ies": 1,
    "nome": "CAMPUS GUARABIRA",
    "sigla": null
  },
  "pk": 11
},
{
  "model": "processoseletivo.turno",
  "fields": {
    "nome": "Matutino"
  },
  "pk": 1
},
{
  "model": "processoseletivo.turno",
  "fields": {
    "nome": "Integral"
  },
  "pk": 2
},
{
  "model": "processoseletivo.turno",
  "fields": {
    "nome": "Noturno"
  },
  "pk": 3
},
{
  "model": "processoseletivo.turno",
  "fields": {
    "nome": "Vespertino"
  },
  "pk": 4
},
{
  "model": "processoseletivo.formacao",
  "fields": {
    "nome": "Tecnol\u00f3gico"
  },
  "pk": 1
},
{
  "model": "processoseletivo.formacao",
  "fields": {
    "nome": "Bacharelado"
  },
  "pk": 2
},
{
  "model": "processoseletivo.formacao",
  "fields": {
    "nome": "Licenciatura"
  },
  "pk": 3
},
{
  "model": "processoseletivo.emailnotificacaoconvocados",
  "fields": {
    "assunto": "[IFPB] Convoca\u00e7\u00e3o SISU - 2015.2",
    "mensagem": "Prezado(a) Candidato(a),\r\n\r\n\r\nPor se encontrar inscrito na LISTA DE ESPERA do SiSU-MEC 2015/2\u00aa edi\u00e7\u00e3o,\r\ncomunicamos que a Pr\u00f3-Reitoria de Ensino do IFPB CONVOCA Vossa Senhoria\r\nou seu Representante legalmente constitu\u00eddo, atrav\u00e9s de Procura\u00e7\u00e3o P\u00fablica\r\nou Particular com firma reconhecida em Cart\u00f3rio, para participar da Manifesta\u00e7\u00e3o\r\nde Interesse em Matr\u00edcula como candidato \u00e0 ocupa\u00e7\u00e3o de vaga no curso para o qual\r\nfez op\u00e7\u00e3o.\r\n\r\n\u2028\u2028A Manifesta\u00e7\u00e3o de Interesse em Matr\u00edcula dever\u00e1 ser realizada na Coordena\u00e7\u00e3o de\r\nControle Acad\u00eamico no Campus do curso ao qual concorre. Confira endere\u00e7os, datas,\r\ndocumenta\u00e7\u00f5es e crit\u00e9rios no Edital de convoca\u00e7\u00e3o dispon\u00edvel em nosso endere\u00e7o\r\neletr\u00f4nico (http://portal.ifba.edu.br/), portanto recomendamos a devida leitura do mesmo.\r\n\r\n\r\n\r\nCordialmente,\r\nPr\u00f3-Reitoria de Ensino/IFPB"
  },
  "pk": 1
},
{
  "model": "auth.group",
  "fields": {
    "name": "Administradores Sist\u00eamicos",
    "permissions": [
      23,
      50,
      47,
      73,
      74,
      75,
      31,
      32,
      33,
      53,
      37,
      38,
      39,
      77,
      44,
      28,
      29,
      30,
      19,
      20,
      21,
      56,
      58,
      59,
      60,
      40,
      41,
      42,
      34,
      35,
      36,
      67,
      68,
      69,
      70,
      71,
      72,
      25,
      26,
      27
    ]
  },
  "pk": 1
},
{
  "model": "auth.group",
  "fields": {
    "name": "Administradores de Chamadas por Campi",
    "permissions": [
      47,
      32,
      59
    ]
  },
  "pk": 2
}
]
